{"Training Loss": 6.397562026977539, "_timestamp": 1710268386.7891433, "_runtime": 3.1385574340820312, "_step": 4, "Validation Loss": 5.4062749290466305, "Accuracy": 0.89, "_wandb": {"runtime": 2}}