{"Training Loss": 7.069982051849365, "_timestamp": 1710268036.596193, "_runtime": 2.8740100860595703, "_step": 4, "Validation Loss": 5.441196155548096, "Accuracy": 1.35, "_wandb": {"runtime": 2}}