{"Training Loss": 6.471895217895508, "_timestamp": 1710268906.3743434, "_runtime": 2.8431954383850098, "_step": 4, "Validation Loss": 5.291643562316895, "Accuracy": 1.0, "_wandb": {"runtime": 2}}