{"Training Loss": 5.348806858062744, "_timestamp": 1710268658.1628883, "_runtime": 7.072328329086304, "_step": 14, "Validation Loss": 4.821088199615478, "Accuracy": 1.62, "_wandb": {"runtime": 6}}