{"Training Loss": 6.7219462394714355, "_timestamp": 1710267480.474414, "_runtime": 3.040494203567505, "_step": 4, "Validation Loss": 5.819393424987793, "Accuracy": 0.77, "_wandb": {"runtime": 2}}