{"Training Loss": 5.957462787628174, "_timestamp": 1710267981.2612286, "_runtime": 8.172061443328857, "_step": 14, "Validation Loss": 5.454407577514648, "Accuracy": 1.0, "_wandb": {"runtime": 8}}