{"Training Loss": 6.993619441986084, "_timestamp": 1710268517.9399316, "_runtime": 2.8157436847686768, "_step": 4, "Validation Loss": 5.516414489746094, "Accuracy": 1.0, "_wandb": {"runtime": 2}}