{"Training Loss": 13.953211784362793, "_timestamp": 1710268785.338467, "_runtime": 3.155435800552368, "_step": 4, "Validation Loss": 9.049221076965331, "Accuracy": 0.12, "_wandb": {"runtime": 3}}