{"Training Loss": 5.815261363983154, "_timestamp": 1710266904.8014357, "_runtime": 5.349895715713501, "_step": 9, "Validation Loss": 5.405914669036865, "Accuracy": 1.03, "_wandb": {"runtime": 5}}