{"Training Loss": 6.366412162780762, "_timestamp": 1710267329.4892552, "_runtime": 3.168126106262207, "_step": 4, "Validation Loss": 5.1551124954223635, "Accuracy": 0.75, "_wandb": {"runtime": 3}}