{"Training Loss": 6.299434661865234, "_timestamp": 1710267208.0399108, "_runtime": 3.218071699142456, "_step": 4, "Validation Loss": 5.513146648406982, "Accuracy": 0.77, "_wandb": {"runtime": 3}}