{"Training Loss": 8.739463806152344, "_timestamp": 1710268084.9268863, "_runtime": 4.532593250274658, "_step": 4, "Validation Loss": 7.995629291534424, "Accuracy": 0.31, "_wandb": {"runtime": 4}}