{"Training Loss": 5.888628959655762, "_timestamp": 1710266949.8076708, "_runtime": 3.6730499267578125, "_step": 4, "Validation Loss": 5.174359817504882, "Accuracy": 1.0, "_wandb": {"runtime": 3}}