{"Training Loss": 5.326685428619385, "_timestamp": 1710267129.549497, "_runtime": 8.467031955718994, "_step": 14, "Validation Loss": 5.045639057159423, "Accuracy": 1.03, "_wandb": {"runtime": 7}}