{"Training Loss": 5.118767261505127, "_timestamp": 1710267269.3284273, "_runtime": 7.408044338226318, "_step": 14, "Validation Loss": 4.754169578552246, "Accuracy": 1.62, "_wandb": {"runtime": 7}}