{"Training Loss": 6.20505428314209, "_timestamp": 1710267218.5816891, "_runtime": 3.1072311401367188, "_step": 4, "Validation Loss": 5.5271924781799315, "Accuracy": 1.0, "_wandb": {"runtime": 2}}