{"Training Loss": 5.745913028717041, "_timestamp": 1710266964.2094636, "_runtime": 5.794926643371582, "_step": 9, "Validation Loss": 5.30325777053833, "Accuracy": 1.04, "_wandb": {"runtime": 5}}