{"Training Loss": 5.859699726104736, "_timestamp": 1710267907.1225584, "_runtime": 6.441434383392334, "_step": 9, "Validation Loss": 5.339265174865723, "Accuracy": 1.21, "_wandb": {"runtime": 6}}