{"Training Loss": 5.087908744812012, "_timestamp": 1710268723.1034644, "_runtime": 8.90927529335022, "_step": 14, "Validation Loss": 4.884330139160157, "Accuracy": 1.61, "_wandb": {"runtime": 7}}