{"Training Loss": 5.078557968139648, "_timestamp": 1710268941.1842396, "_runtime": 7.235981702804565, "_step": 14, "Validation Loss": 4.819782810211182, "Accuracy": 1.62, "_wandb": {"runtime": 6}}