{"Training Loss": 5.337062358856201, "_timestamp": 1710268205.4492662, "_runtime": 5.2749762535095215, "_step": 9, "Validation Loss": 4.957328472137451, "Accuracy": 1.22, "_wandb": {"runtime": 5}}