{"Training Loss": 4.895443916320801, "_timestamp": 1710267081.3654234, "_runtime": 7.589701414108276, "_step": 14, "Validation Loss": 4.849343757629395, "Accuracy": 1.68, "_wandb": {"runtime": 7}}