{"Training Loss": 5.599735736846924, "_timestamp": 1710267651.0249429, "_runtime": 5.306585788726807, "_step": 9, "Validation Loss": 4.881971492767334, "Accuracy": 1.62, "_wandb": {"runtime": 4}}