{"Training Loss": 5.429638385772705, "_timestamp": 1710267795.8185542, "_runtime": 7.355224132537842, "_step": 14, "Validation Loss": 4.9982905960083, "Accuracy": 1.28, "_wandb": {"runtime": 7}}