{"Training Loss": 5.449082374572754, "_timestamp": 1710267410.7454817, "_runtime": 5.771373748779297, "_step": 9, "Validation Loss": 4.936534690856933, "Accuracy": 0.78, "_wandb": {"runtime": 5}}