{"Training Loss": 4.762098789215088, "_timestamp": 1710268316.347647, "_runtime": 6.995415925979614, "_step": 14, "Validation Loss": 4.815147285461426, "Accuracy": 1.62, "_wandb": {"runtime": 6}}