{"Training Loss": 7.250263214111328, "_timestamp": 1710267679.857461, "_runtime": 3.4287540912628174, "_step": 4, "Validation Loss": 5.49587230682373, "Accuracy": 1.07, "_wandb": {"runtime": 3}}