{"Training Loss": 7.8821916580200195, "_timestamp": 1710267392.0371563, "_runtime": 3.225680351257324, "_step": 4, "Validation Loss": 6.0954684638977055, "Accuracy": 1.62, "_wandb": {"runtime": 2}}