{"Training Loss": 5.245615482330322, "_timestamp": 1710268136.01064, "_runtime": 8.153437852859497, "_step": 14, "Validation Loss": 5.320641193389893, "Accuracy": 1.65, "_wandb": {"runtime": 7}}