{"Training Loss": 5.911236763000488, "_timestamp": 1710268869.5081055, "_runtime": 3.350125551223755, "_step": 4, "Validation Loss": 5.174567985534668, "Accuracy": 1.62, "_wandb": {"runtime": 3}}