{"Training Loss": 5.690361499786377, "_timestamp": 1710267618.0210476, "_runtime": 5.902982473373413, "_step": 9, "Validation Loss": 5.119023284912109, "Accuracy": 1.43, "_wandb": {"runtime": 5}}