{"Training Loss": 5.640678405761719, "_timestamp": 1710268271.3945305, "_runtime": 7.746738433837891, "_step": 9, "Validation Loss": 4.9874707794189455, "Accuracy": 1.0, "_wandb": {"runtime": 4}}