{"Training Loss": 8.576226234436035, "_timestamp": 1710266528.4433522, "_runtime": 3.181079149246216, "_step": 4, "Validation Loss": 7.038447704315185, "Accuracy": 1.0, "_wandb": {"runtime": 2}}