{"Training Loss": 4.8739542961120605, "_timestamp": 1710268506.2934012, "_runtime": 7.0101892948150635, "_step": 14, "Validation Loss": 4.826965732574463, "Accuracy": 1.6, "_wandb": {"runtime": 6}}