{"Training Loss": 5.7726287841796875, "_timestamp": 1710268050.4087117, "_runtime": 5.880156755447388, "_step": 9, "Validation Loss": 5.3582398796081545, "Accuracy": 0.98, "_wandb": {"runtime": 5}}