{"Training Loss": 5.469577789306641, "_timestamp": 1710266980.079794, "_runtime": 3.2120778560638428, "_step": 4, "Validation Loss": 5.170000038146973, "Accuracy": 1.62, "_wandb": {"runtime": 2}}