{"Training Loss": 4.885398864746094, "_timestamp": 1710267234.3410606, "_runtime": 8.030820608139038, "_step": 14, "Validation Loss": 4.782616424560547, "Accuracy": 1.62, "_wandb": {"runtime": 7}}