{"Training Loss": 5.1485981941223145, "_timestamp": 1710269302.2231557, "_runtime": 7.076675653457642, "_step": 14, "Validation Loss": 4.85402551651001, "Accuracy": 1.13, "_wandb": {"runtime": 6}}