{"Training Loss": 5.222800254821777, "_timestamp": 1710268349.481662, "_runtime": 8.699401140213013, "_step": 14, "Validation Loss": 4.91713924407959, "Accuracy": 1.6, "_wandb": {"runtime": 8}}