{"Training Loss": 10.438175201416016, "_timestamp": 1710266918.3984542, "_runtime": 3.188420295715332, "_step": 4, "Validation Loss": 8.441688137054443, "Accuracy": 0.28, "_wandb": {"runtime": 3}}