{"Training Loss": 9.338709831237793, "_timestamp": 1710267186.4111862, "_runtime": 2.9706742763519287, "_step": 4, "Validation Loss": 9.323176460266113, "Accuracy": 0.32, "_wandb": {"runtime": 2}}