{"Training Loss": 7.849303722381592, "_timestamp": 1710267823.8688588, "_runtime": 3.7137176990509033, "_step": 4, "Validation Loss": 5.5465531921386715, "Accuracy": 1.0, "_wandb": {"runtime": 3}}