{"Training Loss": 4.785947799682617, "_timestamp": 1710268418.3945765, "_runtime": 7.857958555221558, "_step": 14, "Validation Loss": 4.781882057189941, "Accuracy": 1.62, "_wandb": {"runtime": 7}}