{"Training Loss": 6.6998209953308105, "_timestamp": 1710267502.3993006, "_runtime": 3.4876465797424316, "_step": 4, "Validation Loss": 5.3969369316101075, "Accuracy": 1.24, "_wandb": {"runtime": 3}}