{"Training Loss": 5.46349573135376, "_timestamp": 1710268640.3761008, "_runtime": 5.283129692077637, "_step": 9, "Validation Loss": 5.009552383422852, "Accuracy": 0.52, "_wandb": {"runtime": 5}}