{"Training Loss": 6.159712791442871, "_timestamp": 1710267876.7353518, "_runtime": 8.005274772644043, "_step": 9, "Validation Loss": 5.504776287078857, "Accuracy": 1.0, "_wandb": {"runtime": 8}}