{"Training Loss": 5.537508964538574, "_timestamp": 1710267542.153809, "_runtime": 8.16032600402832, "_step": 14, "Validation Loss": 4.973845558166504, "Accuracy": 1.23, "_wandb": {"runtime": 8}}