{"Training Loss": 5.189328193664551, "_timestamp": 1710268488.9592988, "_runtime": 5.468825817108154, "_step": 9, "Validation Loss": 5.136171779632568, "Accuracy": 0.31, "_wandb": {"runtime": 5}}