{"Training Loss": 4.703914642333984, "_timestamp": 1710267711.6844764, "_runtime": 7.483452320098877, "_step": 14, "Validation Loss": 4.828057804107666, "Accuracy": 1.46, "_wandb": {"runtime": 7}}