{"Training Loss": 8.618468284606934, "_timestamp": 1710267140.0974739, "_runtime": 3.128243923187256, "_step": 4, "Validation Loss": 8.298052787780762, "Accuracy": 1.62, "_wandb": {"runtime": 2}}