{"Training Loss": 5.211036205291748, "_timestamp": 1710268754.9872077, "_runtime": 9.633629560470581, "_step": 14, "Validation Loss": 4.976092567443848, "Accuracy": 1.62, "_wandb": {"runtime": 9}}