{"Training Loss": 5.574497699737549, "_timestamp": 1710269200.8582594, "_runtime": 4.750708341598511, "_step": 9, "Validation Loss": 5.296118583679199, "Accuracy": 1.0, "_wandb": {"runtime": 4}}