{"Training Loss": 5.435194492340088, "_timestamp": 1710267379.4292195, "_runtime": 5.470395565032959, "_step": 9, "Validation Loss": 5.024272327423096, "Accuracy": 1.62, "_wandb": {"runtime": 5}}