{"Training Loss": 5.2990803718566895, "_timestamp": 1710269116.4413812, "_runtime": 8.499808311462402, "_step": 14, "Validation Loss": 4.788694190979004, "Accuracy": 1.62, "_wandb": {"runtime": 8}}