{"Training Loss": 5.370324611663818, "_timestamp": 1710267155.1044967, "_runtime": 7.296128749847412, "_step": 14, "Validation Loss": 4.771923389434814, "Accuracy": 1.4, "_wandb": {"runtime": 6}}