{"Training Loss": 5.963631629943848, "_timestamp": 1710266995.873658, "_runtime": 5.145534992218018, "_step": 9, "Validation Loss": 5.31191312789917, "Accuracy": 1.69, "_wandb": {"runtime": 4}}