{"Training Loss": 5.80092716217041, "_timestamp": 1710267171.698508, "_runtime": 9.041721105575562, "_step": 14, "Validation Loss": 5.151080570220947, "Accuracy": 1.03, "_wandb": {"runtime": 9}}