{"Training Loss": 10.397319793701172, "_timestamp": 1710268541.0009081, "_runtime": 4.217884063720703, "_step": 4, "Validation Loss": 7.9775271987915035, "Accuracy": 0.5, "_wandb": {"runtime": 4}}