{"Training Loss": 5.086079120635986, "_timestamp": 1710267034.2545066, "_runtime": 7.8568434715271, "_step": 14, "Validation Loss": 4.8259241485595705, "Accuracy": 1.49, "_wandb": {"runtime": 7}}