{"Training Loss": 5.333096027374268, "_timestamp": 1710268119.8152525, "_runtime": 7.748428583145142, "_step": 14, "Validation Loss": 5.025540828704834, "Accuracy": 1.6, "_wandb": {"runtime": 7}}