{"Training Loss": 5.033578395843506, "_timestamp": 1710269100.1473093, "_runtime": 8.040870189666748, "_step": 14, "Validation Loss": 4.7696928215026855, "Accuracy": 1.53, "_wandb": {"runtime": 7}}