{"Training Loss": 6.086632251739502, "_timestamp": 1710266503.7986765, "_runtime": 10.034629583358765, "_step": 14, "Validation Loss": 5.298924903869629, "Accuracy": 0.94, "_wandb": {"runtime": 9}}