{"Training Loss": 7.426149368286133, "_timestamp": 1710266889.787687, "_runtime": 3.0847079753875732, "_step": 4, "Validation Loss": 5.965024070739746, "Accuracy": 1.62, "_wandb": {"runtime": 2}}