{"Training Loss": 5.211815357208252, "_timestamp": 1710269219.3832755, "_runtime": 7.430084466934204, "_step": 14, "Validation Loss": 4.795620880126953, "Accuracy": 1.62, "_wandb": {"runtime": 7}}