{"Training Loss": 5.651020526885986, "_timestamp": 1710269143.5134218, "_runtime": 4.899849891662598, "_step": 9, "Validation Loss": 4.942552375793457, "Accuracy": 0.99, "_wandb": {"runtime": 4}}