{"Training Loss": 5.5351386070251465, "_timestamp": 1710268954.3150766, "_runtime": 4.704646587371826, "_step": 9, "Validation Loss": 4.925734119415283, "Accuracy": 1.62, "_wandb": {"runtime": 4}}