{"Training Loss": 7.205007553100586, "_timestamp": 1710267454.125283, "_runtime": 3.205919027328491, "_step": 4, "Validation Loss": 5.699240379333496, "Accuracy": 1.58, "_wandb": {"runtime": 3}}