{"Training Loss": 5.802180290222168, "_timestamp": 1710267315.8972442, "_runtime": 5.312873125076294, "_step": 9, "Validation Loss": 4.943915939331054, "Accuracy": 1.62, "_wandb": {"runtime": 5}}