{"Training Loss": 5.355245113372803, "_timestamp": 1710268886.813525, "_runtime": 9.855159044265747, "_step": 14, "Validation Loss": 5.290682945251465, "Accuracy": 1.62, "_wandb": {"runtime": 9}}