{"Training Loss": 6.026639461517334, "_timestamp": 1710267949.295703, "_runtime": 6.60870099067688, "_step": 9, "Validation Loss": 5.189740734100342, "Accuracy": 1.07, "_wandb": {"runtime": 6}}