{"Training Loss": 6.8295979499816895, "_timestamp": 1710267197.2456715, "_runtime": 3.020139455795288, "_step": 4, "Validation Loss": 5.343126182556152, "Accuracy": 1.23, "_wandb": {"runtime": 2}}