{"Training Loss": 5.608585357666016, "_timestamp": 1710269159.1289937, "_runtime": 4.929837703704834, "_step": 9, "Validation Loss": 5.281604137420654, "Accuracy": 1.45, "_wandb": {"runtime": 4}}