{"Training Loss": 5.551733016967773, "_timestamp": 1710268101.9808962, "_runtime": 5.72840428352356, "_step": 9, "Validation Loss": 5.0639039993286135, "Accuracy": 1.62, "_wandb": {"runtime": 5}}