{"Training Loss": 5.906665325164795, "_timestamp": 1710267992.7382329, "_runtime": 3.8144938945770264, "_step": 4, "Validation Loss": 5.305569438934326, "Accuracy": 0.77, "_wandb": {"runtime": 3}}