{"Training Loss": 5.097465991973877, "_timestamp": 1710268674.242089, "_runtime": 7.36059308052063, "_step": 14, "Validation Loss": 4.818152866363525, "Accuracy": 1.41, "_wandb": {"runtime": 7}}