{"Training Loss": 5.631339073181152, "_timestamp": 1710267924.9838758, "_runtime": 8.206514835357666, "_step": 9, "Validation Loss": 5.253538036346436, "Accuracy": 1.62, "_wandb": {"runtime": 8}}