{"Training Loss": 6.12864875793457, "_timestamp": 1710269235.2193346, "_runtime": 2.9321765899658203, "_step": 4, "Validation Loss": 5.489194622039795, "Accuracy": 0.39, "_wandb": {"runtime": 2}}