{"Training Loss": 5.252377986907959, "_timestamp": 1710268362.5638227, "_runtime": 5.6355297565460205, "_step": 9, "Validation Loss": 5.008686256408692, "Accuracy": 1.4, "_wandb": {"runtime": 5}}