{"Training Loss": 7.653876304626465, "_timestamp": 1710268817.1137683, "_runtime": 3.033891439437866, "_step": 4, "Validation Loss": 6.379403495788575, "Accuracy": 1.62, "_wandb": {"runtime": 2}}