{"Training Loss": 9.250544548034668, "_timestamp": 1710269010.5008354, "_runtime": 2.9661803245544434, "_step": 4, "Validation Loss": 9.104356918334961, "Accuracy": 1.03, "_wandb": {"runtime": 2}}