{"Training Loss": 5.45035457611084, "_timestamp": 1710267890.2034996, "_runtime": 5.523497581481934, "_step": 9, "Validation Loss": 4.905987873077392, "Accuracy": 1.62, "_wandb": {"runtime": 5}}