{"Training Loss": 5.140679359436035, "_timestamp": 1710266933.0812707, "_runtime": 7.087621688842773, "_step": 14, "Validation Loss": 4.88217716217041, "Accuracy": 0.97, "_wandb": {"runtime": 6}}