{"Training Loss": 6.222044467926025, "_timestamp": 1710267254.0754282, "_runtime": 2.9428632259368896, "_step": 4, "Validation Loss": 5.3332031631469725, "Accuracy": 0.98, "_wandb": {"runtime": 2}}