{"Training Loss": 5.631943702697754, "_timestamp": 1710268845.2525957, "_runtime": 5.519942760467529, "_step": 9, "Validation Loss": 5.13765510559082, "Accuracy": 0.92, "_wandb": {"runtime": 5}}