{"Training Loss": 4.940020561218262, "_timestamp": 1710268285.8555644, "_runtime": 6.805748462677002, "_step": 14, "Validation Loss": 4.80888988494873, "Accuracy": 1.15, "_wandb": {"runtime": 6}}