{"Training Loss": 5.032017707824707, "_timestamp": 1710268457.5094907, "_runtime": 7.21423077583313, "_step": 14, "Validation Loss": 4.762708034515381, "Accuracy": 1.67, "_wandb": {"runtime": 6}}