{"Training Loss": 7.537821292877197, "_timestamp": 1710267965.5564368, "_runtime": 5.613574743270874, "_step": 9, "Validation Loss": 6.548375148773193, "Accuracy": 0.75, "_wandb": {"runtime": 5}}