{"Training Loss": 6.514400959014893, "_timestamp": 1710269326.7417128, "_runtime": 5.827671766281128, "_step": 9, "Validation Loss": 5.867521858215332, "Accuracy": 1.0, "_wandb": {"runtime": 5}}