{"Training Loss": 5.791072845458984, "_timestamp": 1710268999.9213538, "_runtime": 2.9530088901519775, "_step": 4, "Validation Loss": 5.365064716339111, "Accuracy": 1.0, "_wandb": {"runtime": 2}}