{"Training Loss": 5.804774284362793, "_timestamp": 1710268433.6776092, "_runtime": 5.205392122268677, "_step": 9, "Validation Loss": 5.211687622070312, "Accuracy": 1.62, "_wandb": {"runtime": 5}}