{"Training Loss": 5.875881195068359, "_timestamp": 1710268471.1907039, "_runtime": 6.0618908405303955, "_step": 9, "Validation Loss": 5.288481998443603, "Accuracy": 1.06, "_wandb": {"runtime": 5}}