{"Training Loss": 4.831690311431885, "_timestamp": 1710268402.9353068, "_runtime": 8.493449687957764, "_step": 14, "Validation Loss": 4.804473495483398, "Accuracy": 1.56, "_wandb": {"runtime": 8}}