{"Training Loss": 7.711857318878174, "_timestamp": 1710268972.1785421, "_runtime": 6.686117172241211, "_step": 14, "Validation Loss": 7.33655912399292, "Accuracy": 1.62, "_wandb": {"runtime": 6}}