{"Training Loss": 5.575897693634033, "_timestamp": 1710268691.6856685, "_runtime": 5.738128423690796, "_step": 9, "Validation Loss": 5.13331937789917, "Accuracy": 1.61, "_wandb": {"runtime": 4}}