{"Training Loss": 4.785464763641357, "_timestamp": 1710269060.1879747, "_runtime": 5.204267740249634, "_step": 9, "Validation Loss": 4.868967342376709, "Accuracy": 1.63, "_wandb": {"runtime": 4}}