{"Training Loss": 4.879550457000732, "_timestamp": 1710267809.5184708, "_runtime": 5.190016746520996, "_step": 9, "Validation Loss": 5.083118724822998, "Accuracy": 1.62, "_wandb": {"runtime": 4}}