{"Training Loss": 7.738497734069824, "_timestamp": 1710267523.8786473, "_runtime": 4.073593378067017, "_step": 4, "Validation Loss": 6.25711030960083, "Accuracy": 0.37, "_wandb": {"runtime": 4}}