{"Training Loss": 5.648935317993164, "_timestamp": 1710267556.545189, "_runtime": 5.6178247928619385, "_step": 9, "Validation Loss": 4.839169025421143, "Accuracy": 1.62, "_wandb": {"runtime": 5}}