{"Training Loss": 6.518050193786621, "_timestamp": 1710268244.9723253, "_runtime": 3.016963243484497, "_step": 4, "Validation Loss": 5.336652164459228, "Accuracy": 0.37, "_wandb": {"runtime": 2}}