{"Training Loss": 5.66360330581665, "_timestamp": 1710269287.1050222, "_runtime": 2.8384811878204346, "_step": 4, "Validation Loss": 5.4199534034729, "Accuracy": 1.02, "_wandb": {"runtime": 2}}