{"Training Loss": 4.8290276527404785, "_timestamp": 1710269343.6102016, "_runtime": 7.090437650680542, "_step": 14, "Validation Loss": 4.861558475494385, "Accuracy": 1.62, "_wandb": {"runtime": 6}}