{"Training Loss": 9.279607772827148, "_timestamp": 1710266336.393837, "_runtime": 2.9468650817871094, "_step": 3, "_wandb": {"runtime": 2}}