{"Training Loss": 5.431980133056641, "_timestamp": 1710267861.4431398, "_runtime": 7.53463888168335, "_step": 14, "Validation Loss": 5.472521457672119, "Accuracy": 1.57, "_wandb": {"runtime": 7}}