{"Training Loss": 7.007118225097656, "_timestamp": 1710269276.7010365, "_runtime": 3.044029474258423, "_step": 4, "Validation Loss": 5.450025787353516, "Accuracy": 0.79, "_wandb": {"runtime": 2}}