{"Training Loss": 5.381396770477295, "_timestamp": 1710268164.0522432, "_runtime": 5.448785305023193, "_step": 9, "Validation Loss": 5.162331504821777, "Accuracy": 1.27, "_wandb": {"runtime": 5}}