{"Training Loss": 5.066502094268799, "_timestamp": 1710268330.2472084, "_runtime": 5.210190296173096, "_step": 9, "Validation Loss": 4.915450477600098, "Accuracy": 1.31, "_wandb": {"runtime": 5}}