{"Training Loss": 4.870831489562988, "_timestamp": 1710269249.9530864, "_runtime": 6.797352313995361, "_step": 14, "Validation Loss": 4.849064598083496, "Accuracy": 1.41, "_wandb": {"runtime": 6}}