{"Training Loss": 6.757275104522705, "_timestamp": 1710268609.772068, "_runtime": 5.313249111175537, "_step": 9, "Validation Loss": 5.716524963378906, "Accuracy": 0.31, "_wandb": {"runtime": 5}}