{"Training Loss": 5.039562225341797, "_timestamp": 1710267742.6522713, "_runtime": 7.495833158493042, "_step": 14, "Validation Loss": 5.0174851226806645, "Accuracy": 1.27, "_wandb": {"runtime": 7}}