{"Training Loss": 6.174699306488037, "_timestamp": 1710268219.2850466, "_runtime": 3.219609498977661, "_step": 4, "Validation Loss": 5.172208347320557, "Accuracy": 1.01, "_wandb": {"runtime": 2}}