{"Training Loss": 5.327857971191406, "_timestamp": 1710267094.2260885, "_runtime": 4.836980581283569, "_step": 9, "Validation Loss": 4.895997085571289, "Accuracy": 1.02, "_wandb": {"runtime": 4}}