{"Training Loss": 5.745253562927246, "_timestamp": 1710268560.9962687, "_runtime": 9.200615644454956, "_step": 14, "Validation Loss": 5.590723190307617, "Accuracy": 1.6, "_wandb": {"runtime": 9}}