{"Training Loss": 7.881850719451904, "_timestamp": 1710267491.4165633, "_runtime": 3.119807243347168, "_step": 4, "Validation Loss": 6.538137035369873, "Accuracy": 1.62, "_wandb": {"runtime": 2}}