{"Training Loss": 5.740467071533203, "_timestamp": 1710267594.809258, "_runtime": 3.5272140502929688, "_step": 4, "Validation Loss": 5.244996395111084, "Accuracy": 1.03, "_wandb": {"runtime": 3}}