{"Training Loss": 6.216897010803223, "_timestamp": 1710268191.612118, "_runtime": 6.3731279373168945, "_step": 9, "Validation Loss": 5.169990520477295, "Accuracy": 1.62, "_wandb": {"runtime": 6}}