{"Training Loss": 8.943260192871094, "_timestamp": 1710267638.0804114, "_runtime": 3.211961507797241, "_step": 4, "Validation Loss": 7.93623046875, "Accuracy": 1.69, "_wandb": {"runtime": 2}}