{"Training Loss": 5.3049821853637695, "_timestamp": 1710267758.2272935, "_runtime": 7.19241738319397, "_step": 14, "Validation Loss": 4.9607790756225585, "Accuracy": 0.95, "_wandb": {"runtime": 6}}