{"Training Loss": 5.101306438446045, "_timestamp": 1710267440.8094907, "_runtime": 5.101367712020874, "_step": 9, "Validation Loss": 5.178913803100586, "Accuracy": 1.62, "_wandb": {"runtime": 4}}