{"Training Loss": 6.219837665557861, "_timestamp": 1710268255.8351917, "_runtime": 3.0528597831726074, "_step": 4, "Validation Loss": 5.264541339874268, "Accuracy": 1.31, "_wandb": {"runtime": 2}}