{"Training Loss": 7.192017078399658, "_timestamp": 1710267780.9574807, "_runtime": 3.112940549850464, "_step": 4, "Validation Loss": 5.4910055351257325, "Accuracy": 1.0, "_wandb": {"runtime": 2}}