{"Training Loss": 6.54050874710083, "_timestamp": 1710268858.4703467, "_runtime": 2.919154644012451, "_step": 4, "Validation Loss": 5.23675765991211, "Accuracy": 1.24, "_wandb": {"runtime": 2}}