{"Training Loss": 5.12992525100708, "_timestamp": 1710268068.4119053, "_runtime": 9.036989212036133, "_step": 14, "Validation Loss": 4.898774566650391, "Accuracy": 0.86, "_wandb": {"runtime": 9}}