{"Training Loss": 8.241852760314941, "_timestamp": 1710268177.5551674, "_runtime": 3.1302614212036133, "_step": 4, "Validation Loss": 6.6694698143005375, "Accuracy": 1.62, "_wandb": {"runtime": 2}}