{"Training Loss": 5.607172966003418, "_timestamp": 1710268232.1160882, "_runtime": 5.069395065307617, "_step": 9, "Validation Loss": 5.251994438171387, "Accuracy": 1.27, "_wandb": {"runtime": 4}}