{"Training Loss": 7.077066898345947, "_timestamp": 1710266518.3599324, "_runtime": 3.804645538330078, "_step": 4, "Validation Loss": 5.510242309570312, "Accuracy": 1.02, "_wandb": {"runtime": 3}}