{"Training Loss": 5.579052925109863, "_timestamp": 1710267299.884339, "_runtime": 5.178054094314575, "_step": 9, "Validation Loss": 4.9502339553833, "Accuracy": 1.62, "_wandb": {"runtime": 4}}