{"Training Loss": 4.541985511779785, "_timestamp": 1710268301.6529574, "_runtime": 6.956555366516113, "_step": 14, "Validation Loss": 4.821242752075196, "Accuracy": 1.62, "_wandb": {"runtime": 6}}