{"Training Loss": 5.953074932098389, "_timestamp": 1710268593.9262018, "_runtime": 5.286300897598267, "_step": 9, "Validation Loss": 4.9398087310791015, "Accuracy": 1.62, "_wandb": {"runtime": 5}}