{"Training Loss": 7.784042835235596, "_timestamp": 1710269188.6165316, "_runtime": 3.059718608856201, "_step": 4, "Validation Loss": 5.505739498138428, "Accuracy": 0.31, "_wandb": {"runtime": 2}}