{"Training Loss": 7.1444597244262695, "_timestamp": 1710268829.779272, "_runtime": 4.87656307220459, "_step": 9, "Validation Loss": 6.38289737701416, "Accuracy": 1.62, "_wandb": {"runtime": 4}}