{"Training Loss": 7.8772501945495605, "_timestamp": 1710268917.1496718, "_runtime": 2.7876389026641846, "_step": 4, "Validation Loss": 5.820483417510986, "Accuracy": 1.62, "_wandb": {"runtime": 2}}