{"Training Loss": 9.265878677368164, "_timestamp": 1710268625.2874022, "_runtime": 5.035895109176636, "_step": 9, "Validation Loss": 9.230512046813965, "Accuracy": 1.0, "_wandb": {"runtime": 4}}