{"Training Loss": 6.165799617767334, "_timestamp": 1710268017.533805, "_runtime": 7.425647974014282, "_step": 9, "Validation Loss": 5.116252422332764, "Accuracy": 1.62, "_wandb": {"runtime": 8}}