{"Training Loss": 7.744338512420654, "_timestamp": 1710269073.6288478, "_runtime": 3.0522079467773438, "_step": 4, "Validation Loss": 6.076079788208008, "Accuracy": 1.36, "_wandb": {"runtime": 2}}