{"Training Loss": 6.612538814544678, "_timestamp": 1710269264.5044067, "_runtime": 5.491277694702148, "_step": 9, "Validation Loss": 5.569527187347412, "Accuracy": 0.77, "_wandb": {"runtime": 5}}