{"Training Loss": 6.838050842285156, "_timestamp": 1710266356.907824, "_runtime": 2.0989739894866943, "_step": 3, "_wandb": {"runtime": 1}}