{"Training Loss": 6.140777111053467, "_timestamp": 1710267583.5359154, "_runtime": 3.0319483280181885, "_step": 4, "Validation Loss": 5.162919864654541, "Accuracy": 1.62, "_wandb": {"runtime": 2}}