{"Training Loss": 6.028915882110596, "_timestamp": 1710267062.2661293, "_runtime": 3.272656202316284, "_step": 4, "Validation Loss": 5.5223723411560055, "Accuracy": 1.62, "_wandb": {"runtime": 3}}