{"Training Loss": 5.642179489135742, "_timestamp": 1710267016.5142045, "_runtime": 11.207558393478394, "_step": 14, "Validation Loss": 5.1727179908752445, "Accuracy": 1.0, "_wandb": {"runtime": 11}}