{"Training Loss": 5.272955894470215, "_timestamp": 1710267726.481363, "_runtime": 7.148097038269043, "_step": 14, "Validation Loss": 4.8132524490356445, "Accuracy": 1.04, "_wandb": {"runtime": 6}}