{"Training Loss": 8.503222465515137, "_timestamp": 1710267665.7480898, "_runtime": 5.1976587772369385, "_step": 9, "Validation Loss": 6.086571063995361, "Accuracy": 0.18, "_wandb": {"runtime": 4}}