{"Training Loss": 6.679462909698486, "_timestamp": 1710267424.299571, "_runtime": 4.448415040969849, "_step": 4, "Validation Loss": 6.011943912506103, "Accuracy": 0.53, "_wandb": {"runtime": 4}}