{"Training Loss": 8.38099479675293, "_timestamp": 1710267769.7822833, "_runtime": 4.078968286514282, "_step": 4, "Validation Loss": 7.023816223144531, "Accuracy": 0.23, "_wandb": {"runtime": 4}}