{"Training Loss": 6.099419116973877, "_timestamp": 1710267844.0655248, "_runtime": 2.9696238040924072, "_step": 4, "Validation Loss": 5.265065841674804, "Accuracy": 1.07, "_wandb": {"runtime": 2}}