{"Training Loss": 5.190649509429932, "_timestamp": 1710267112.376993, "_runtime": 7.113041877746582, "_step": 14, "Validation Loss": 4.801511688232422, "Accuracy": 1.62, "_wandb": {"runtime": 6}}