{"Training Loss": 6.7047529220581055, "_timestamp": 1710268529.0165799, "_runtime": 3.0587737560272217, "_step": 4, "Validation Loss": 5.60377140045166, "Accuracy": 1.0, "_wandb": {"runtime": 2}}