{"Training Loss": 9.468650817871094, "_timestamp": 1710269127.6938393, "_runtime": 3.6736574172973633, "_step": 4, "Validation Loss": 6.790497741699219, "Accuracy": 0.59, "_wandb": {"runtime": 3}}