{"Training Loss": 6.727139472961426, "_timestamp": 1710268375.7323208, "_runtime": 2.9955618381500244, "_step": 4, "Validation Loss": 5.447679576873779, "Accuracy": 1.05, "_wandb": {"runtime": 2}}