{"Training Loss": 6.089015960693359, "_timestamp": 1710267284.1927493, "_runtime": 5.23430323600769, "_step": 9, "Validation Loss": 5.073026103973389, "Accuracy": 1.38, "_wandb": {"runtime": 5}}