{"Training Loss": 4.9650654792785645, "_timestamp": 1710268706.6382394, "_runtime": 7.252557277679443, "_step": 14, "Validation Loss": 4.828019714355468, "Accuracy": 1.05, "_wandb": {"runtime": 6}}