{"Training Loss": 10.21950912475586, "_timestamp": 1710269027.324763, "_runtime": 2.8545150756835938, "_step": 4, "Validation Loss": 6.408287677764893, "Accuracy": 1.62, "_wandb": {"runtime": 2}}