{"Training Loss": 5.408795356750488, "_timestamp": 1710267351.857248, "_runtime": 7.913419961929321, "_step": 14, "Validation Loss": 5.063621520996094, "Accuracy": 1.37, "_wandb": {"runtime": 7}}