{"Training Loss": 5.252086162567139, "_timestamp": 1710267050.697657, "_runtime": 7.501686096191406, "_step": 14, "Validation Loss": 4.8903414916992185, "Accuracy": 1.25, "_wandb": {"runtime": 7}}