{"Training Loss": 7.931407928466797, "_timestamp": 1710266346.2556305, "_runtime": 2.2474024295806885, "_step": 3, "_wandb": {"runtime": 1}}