{"Training Loss": 5.171292781829834, "_timestamp": 1710267469.4404433, "_runtime": 7.615363359451294, "_step": 14, "Validation Loss": 4.83298770904541, "Accuracy": 1.66, "_wandb": {"runtime": 7}}