{"Training Loss": 5.406330585479736, "_timestamp": 1710268988.7364619, "_runtime": 7.394783973693848, "_step": 14, "Validation Loss": 5.10793212890625, "Accuracy": 0.81, "_wandb": {"runtime": 7}}