{"Training Loss": 8.444666862487793, "_timestamp": 1710269084.3609219, "_runtime": 3.0035488605499268, "_step": 4, "Validation Loss": 6.6285552978515625, "Accuracy": 1.3, "_wandb": {"runtime": 2}}