{"Training Loss": 4.985136985778809, "_timestamp": 1710268774.714087, "_runtime": 8.413836002349854, "_step": 14, "Validation Loss": 4.960188846588135, "Accuracy": 1.37, "_wandb": {"runtime": 8}}