{"Training Loss": 4.765970230102539, "_timestamp": 1710267573.4691806, "_runtime": 7.686572551727295, "_step": 14, "Validation Loss": 4.769420700073242, "Accuracy": 1.26, "_wandb": {"runtime": 7}}