{"Training Loss": 7.454219341278076, "_timestamp": 1710269038.4983346, "_runtime": 3.1940085887908936, "_step": 4, "Validation Loss": 5.31310806274414, "Accuracy": 1.62, "_wandb": {"runtime": 3}}