{"Training Loss": 9.037939071655273, "_timestamp": 1710268578.6539955, "_runtime": 4.9539453983306885, "_step": 9, "Validation Loss": 8.762004966735839, "Accuracy": 1.62, "_wandb": {"runtime": 4}}