{"Training Loss": 5.277162551879883, "_timestamp": 1710269176.8139555, "_runtime": 6.821200609207153, "_step": 14, "Validation Loss": 4.9427166938781735, "Accuracy": 1.62, "_wandb": {"runtime": 6}}