{"Training Loss": 5.0187907218933105, "_timestamp": 1710266873.8613834, "_runtime": 6.075799465179443, "_step": 9, "Validation Loss": 4.954553470611573, "Accuracy": 1.63, "_wandb": {"runtime": 5}}