{"Training Loss": 4.440082550048828, "_timestamp": 1710268800.1218386, "_runtime": 7.138314485549927, "_step": 14, "Validation Loss": 4.858900260925293, "Accuracy": 1.58, "_wandb": {"runtime": 6}}