{"Training Loss": 5.522743225097656, "_timestamp": 1710268149.15352, "_runtime": 6.388580083847046, "_step": 9, "Validation Loss": 5.0031671142578125, "Accuracy": 1.45, "_wandb": {"runtime": 6}}