{"Training Loss": 5.09687614440918, "_timestamp": 1710267693.8946586, "_runtime": 5.57586145401001, "_step": 9, "Validation Loss": 4.93822717666626, "Accuracy": 1.05, "_wandb": {"runtime": 5}}