{"Training Loss": 5.714475154876709, "_timestamp": 1710268736.8603165, "_runtime": 6.418074607849121, "_step": 9, "Validation Loss": 5.1991787528991695, "Accuracy": 1.59, "_wandb": {"runtime": 6}}