{"Training Loss": 5.71612548828125, "_timestamp": 1710267364.743773, "_runtime": 5.669210910797119, "_step": 9, "Validation Loss": 5.318334484100342, "Accuracy": 1.53, "_wandb": {"runtime": 5}}